pos_x,pos_y
364.41552734375,199.09234619140625
364.4006652832031,200.8769989013672
364.387451171875,202.648193359375
364.37664794921875,204.39700317382812
364.36895751953125,206.11886596679688
364.36474609375,207.81399536132812
364.36419677734375,209.48641967773438
364.3672790527344,211.14212036132812
364.3736877441406,212.78726196289062
364.383056640625,214.42710876464844
364.3946838378906,216.0651397705078
364.4083251953125,217.70338439941406
364.4233703613281,219.3424835205078
364.4395446777344,220.98265075683594
364.4565734863281,222.62364196777344
364.47418212890625,224.26519775390625
364.4923400878906,225.9071044921875
364.51092529296875,227.54920959472656
364.52984619140625,229.1914520263672
364.5491943359375,230.833740234375
364.56903076171875,232.47604370117188
364.58917236328125,234.11842346191406
364.60986328125,235.76083374023438
364.6309509277344,237.40325927734375
364.65252685546875,239.04574584960938
364.7225341796875,244.07473754882812
364.7477722167969,245.78509521484375
364.77362060546875,247.4955291748047
364.8000793457031,249.20596313476562
364.8272399902344,250.91644287109375
364.85528564453125,252.626953125
364.88427734375,254.33746337890625
364.914306640625,256.0480041503906
364.9455261230469,257.7585144042969
364.97796630859375,259.46905517578125
365.0115661621094,261.1796875
365.0462951660156,262.89031982421875
365.0820617675781,264.6009826660156
365.1188049316406,266.3116455078125
365.1563415527344,268.0223083496094
365.1944580078125,269.73297119140625
365.2330322265625,271.4436950683594
365.2718811035156,273.1545104980469
365.310791015625,274.8653259277344
365.3497009277344,276.5761413574219
365.3885192871094,278.28704833984375
365.42706298828125,279.9980163574219
365.4652404785156,281.708984375
365.5029296875,283.4200439453125
365.54010009765625,285.13116455078125
365.5766906738281,286.84228515625
365.6126708984375,288.5534973144531
365.64813232421875,290.2647705078125
365.6830749511719,291.9760437011719
365.71759033203125,293.68743896484375
365.75177001953125,295.39886474609375
365.7857360839844,297.11029052734375
365.8196105957031,298.8217468261719
365.8536071777344,300.5333251953125
365.8877868652344,302.2449035644531
365.9222412109375,303.95648193359375
365.9570617675781,305.6680603027344
365.9922790527344,307.3797302246094
366.0278625488281,309.0914611816406
366.06378173828125,310.8031921386719
366.0999450683594,312.5149230957031
366.13629150390625,314.2266540527344
366.172607421875,315.93853759765625
366.2087707519531,317.6504211425781
366.24456787109375,319.3623046875
366.27984619140625,321.07427978515625
366.3144836425781,322.78631591796875
366.3483581542969,324.49835205078125
366.3814697265625,326.2104797363281
366.413818359375,327.92266845703125
366.4454040527344,329.6348571777344
366.4762268066406,331.3471374511719
366.5062561035156,333.0594787597656
366.5352478027344,334.7718200683594
366.56298828125,336.4842529296875
366.5893249511719,338.1967468261719
366.61395263671875,339.90924072265625
366.6366882324219,341.6218566894531
366.6573791503906,343.3345031738281
366.6759033203125,345.0471496582031
366.6922302246094,346.7598571777344
366.7063903808594,348.47265625
366.718505859375,350.1854553222656
366.72869873046875,351.89825439453125
366.7371826171875,353.6112060546875
366.74420166015625,355.32415771484375
366.7498779296875,357.037109375
366.7545166015625,358.75006103515625
366.7583312988281,360.4631652832031
366.7613830566406,362.17626953125
366.7638854980469,363.8893737792969
366.7658996582031,365.60247802734375
366.7676086425781,367.3157043457031
366.76898193359375,369.0289611816406
366.7701110839844,370.7422180175781
366.7709655761719,372.4554748535156
366.7715759277344,374.1688232421875
366.7719421386719,375.8822326660156
366.7721252441406,377.59564208984375
366.77215576171875,379.3090515136719
366.7719421386719,381.02252197265625
366.771484375,382.736083984375
366.7706298828125,384.44964599609375
366.769287109375,386.1632080078125
366.7673034667969,387.87677001953125
366.76446533203125,389.5904235839844
366.76068115234375,391.30413818359375
366.7557678222656,393.0178527832031
366.74951171875,394.7315673828125
366.7418518066406,396.4452819824219
366.7325439453125,398.15899658203125
366.7215881347656,399.87274169921875
366.7090759277344,401.5865783691406
366.6950988769531,403.3004455566406
366.6797180175781,405.0143127441406
366.6630554199219,406.7281799316406
366.6452331542969,408.4420471191406
366.6263732910156,410.1559143066406
366.606689453125,411.8697814941406
366.58624267578125,413.58367919921875
366.5652160644531,415.2976989746094
366.5436096191406,417.01171875
366.521484375,418.7257385253906
366.4989318847656,420.43975830078125
366.4759216308594,422.1537780761719
366.4524841308594,423.86785888671875
366.4284973144531,425.58203125
366.4039306640625,427.29620361328125
366.3786315917969,429.0103759765625
366.3525390625,430.72454833984375
366.32562255859375,432.438720703125
366.2976989746094,434.15289306640625
366.2686462402344,435.8670654296875
366.23834228515625,437.58123779296875
366.20660400390625,439.29541015625
366.1733093261719,441.00958251953125
366.1383056640625,442.7237548828125
366.1012878417969,444.4378967285156
366.06201171875,446.1519470214844
366.02001953125,447.865966796875
365.9750671386719,449.579833984375
365.9267883300781,451.2936096191406
365.8748779296875,453.0072021484375
365.8193054199219,454.72064208984375
365.76019287109375,456.4339294433594
365.6978454589844,458.1470642089844
365.6328125,459.860107421875
365.56524658203125,461.57305908203125
365.4957275390625,463.2858581542969
365.42437744140625,464.99859619140625
365.35150146484375,466.71124267578125
365.27734375,468.423828125
365.2019348144531,470.13629150390625
365.12591552734375,471.8487243652344
365.0492248535156,473.5611267089844
364.9722900390625,475.2734680175781
364.89508056640625,476.9858093261719
364.81756591796875,478.6980285644531
364.73980712890625,480.41033935546875
364.6612854003906,482.12261962890625
364.5821838378906,483.8348083496094
364.5020446777344,485.5469970703125
364.4208984375,487.259033203125
364.3387145996094,488.9710693359375
364.2551574707031,490.68310546875
364.1702575683594,492.39501953125
364.0834045410156,494.1067199707031
363.99407958984375,495.8182067871094
363.9012756347656,497.5296325683594
363.8039855957031,499.2408447265625
363.70147705078125,500.9516296386719
363.5931396484375,502.6619873046875
363.4787292480469,504.3717346191406
363.3582763671875,506.0810546875
363.23126220703125,507.78973388671875
363.0976867675781,509.4977722167969
362.9566345214844,511.205078125
362.8080139160156,512.9114990234375
362.65203857421875,514.6173095703125
362.4888916015625,516.3221435546875
362.3197937011719,518.0264282226562
362.1442565917969,519.729736328125
361.9626159667969,521.4323120117188
361.7738342285156,523.1342163085938
361.5777587890625,524.8350830078125
361.3744812011719,526.5350341796875
361.1637878417969,528.2337646484375
360.94622802734375,529.931640625
360.7209167480469,531.6282348632812
360.4877624511719,533.3236083984375
360.2455749511719,535.0175170898438
359.99371337890625,536.70947265625
359.7314758300781,538.3997192382812
359.4576416015625,540.0875854492188
359.172119140625,541.7730102539062
358.8739929199219,543.455810546875
358.5633850097656,545.1358032226562
358.2401123046875,546.81298828125
357.9039306640625,548.4868774414062
357.5549621582031,550.15771484375
357.19293212890625,551.8252563476562
356.8185119628906,553.489501953125
356.4313049316406,555.1502075195312
356.0312194824219,556.8071899414062
355.61761474609375,558.4605102539062
355.1904602050781,560.1098022460938
354.7504577636719,561.755126953125
354.298828125,563.3967895507812
353.8363952636719,565.0352783203125
353.36383056640625,566.6704711914062
352.88134765625,568.3025512695312
352.3889465332031,569.9313354492188
351.8861999511719,571.556640625
351.3726806640625,573.1782836914062
350.8479309082031,574.7960205078125
350.311767578125,576.4096069335938
349.7646179199219,578.0191040039062
349.20654296875,579.62451171875
348.63775634765625,581.2258911132812
348.0583801269531,582.8231201171875
347.46844482421875,584.4160766601562
346.8677673339844,586.0047607421875
346.25592041015625,587.5888061523438
345.6329345703125,589.1680908203125
344.9986267089844,590.742431640625
344.3531494140625,592.3118286132812
343.696533203125,593.8761596679688
343.0285339355469,595.4351806640625
342.34881591796875,596.9887084960938
341.6568908691406,598.5365600585938
340.9529724121094,600.0785522460938
340.2379150390625,601.6148681640625
339.5119323730469,603.1456909179688
338.77532958984375,604.6710815429688
338.0274963378906,606.1908569335938
337.2685852050781,607.7045288085938
336.4988098144531,609.21240234375
335.71826171875,610.71435546875
334.92755126953125,612.2107543945312
334.1264343261719,613.7012329101562
333.3152770996094,615.1861572265625
332.4942626953125,616.6657104492188
331.66473388671875,618.1404418945312
330.8287658691406,619.6115112304688
329.9873046875,621.0792236328125
329.1407775878906,622.5442504882812
328.2886047363281,624.0061645507812
327.4306945800781,625.464599609375
326.56719970703125,626.9199829101562
325.69866943359375,628.3724365234375
324.8260192871094,629.822509765625
323.9496765136719,631.2703857421875
323.0697021484375,632.7161865234375
322.185546875,634.1595458984375
321.2970275878906,635.600341796875
320.40399169921875,637.038330078125
319.50634765625,638.4735717773438
318.60430908203125,639.906005859375
317.6978454589844,641.3358154296875
316.7868957519531,642.7628173828125
315.87127685546875,644.1868286132812
314.9502868652344,645.6072998046875
314.0231018066406,647.023681640625
313.0885009765625,648.4351196289062
312.14605712890625,649.841064453125
311.1952819824219,651.2412109375
310.23590087890625,652.6349487304688
309.2675476074219,654.0223388671875
308.289794921875,655.4028930664062
307.3029479980469,656.776611328125
306.3068542480469,658.143310546875
305.3018798828125,659.5032958984375
304.28814697265625,660.8565063476562
303.2659606933594,662.203125
302.23583984375,663.54345703125
301.197998046875,664.8778076171875
300.15301513671875,666.2064208984375
299.10107421875,667.5294799804688
298.0424499511719,668.8469848632812
296.97705078125,670.1590576171875
295.9045715332031,671.4650268554688
294.824951171875,672.7650756835938
293.7376708984375,674.05859375
292.6431579589844,675.3458251953125
291.541748046875,676.626953125
290.4336242675781,677.9022216796875
289.31890869140625,679.1715698242188
288.1966552734375,680.4337158203125
287.06585693359375,681.6878662109375
285.9250793457031,682.9327392578125
284.7740783691406,684.1673583984375
283.61334228515625,685.3922729492188
282.4430236816406,686.607421875
281.2636413574219,687.8131713867188
280.0748596191406,689.0091552734375
278.87689208984375,690.195068359375
277.6693420410156,691.3701171875
276.451416015625,692.5328369140625
275.22216796875,693.6829223632812
273.98095703125,694.8191528320312
272.7289123535156,695.9418334960938
271.4668884277344,697.0520629882812
270.1955871582031,698.1505126953125
268.9153747558594,699.2378540039062
267.6260986328125,700.3135986328125
266.3283386230469,701.3778076171875
265.021728515625,702.4300537109375
263.7061462402344,703.4697875976562
262.3814392089844,704.4971313476562
261.0470886230469,705.5110473632812
259.70391845703125,706.5121459960938
258.3520202636719,707.5006103515625
256.9922790527344,708.4776000976562
255.62539672851562,709.4442138671875
254.25198364257812,710.4010009765625
252.87245178222656,711.348876953125
251.48675537109375,712.2874145507812
250.09535217285156,713.2172241210938
248.69781494140625,714.1376953125
247.29428100585938,715.0486450195312
245.8845672607422,715.9501342773438
244.4690399169922,716.8425903320312
243.04879760742188,717.7276611328125
241.6247100830078,718.6066284179688
240.19729614257812,719.4801635742188
238.76641845703125,720.3482666015625
237.3318634033203,721.2103881835938
235.89315795898438,722.0655517578125
234.44932556152344,722.911376953125
232.99952697753906,723.7470703125
231.5434112548828,724.5715942382812
230.08180236816406,725.3861694335938
228.61569213867188,726.1925048828125
227.1457977294922,726.9915161132812
225.67221069335938,727.7836303710938
224.19419860839844,728.5675048828125
222.71133422851562,729.3416748046875
221.22315979003906,730.10498046875
219.72938537597656,730.8566284179688
218.23001098632812,731.5967407226562
216.72540283203125,732.3257446289062
215.21615600585938,733.0448608398438
213.7025146484375,733.7546997070312
212.1850128173828,734.4560546875
210.66384887695312,735.1497192382812
209.13929748535156,735.8358764648438
207.6113739013672,736.5145874023438
206.0800323486328,737.1858520507812
204.54566955566406,737.850341796875
203.00843811035156,738.5083618164062
201.46861267089844,739.1604614257812
199.9263458251953,739.8074340820312
198.38186645507812,740.4496459960938
196.8355712890625,741.0880737304688
195.28778076171875,741.7234497070312
193.73870849609375,742.356201171875
192.1883544921875,742.986083984375
190.63658142089844,743.6126708984375
189.08290100097656,744.2349243164062
187.52687072753906,744.8512573242188
185.9680633544922,745.460693359375
184.406005859375,746.0615234375
182.84051513671875,746.6531982421875
181.271728515625,747.2365112304688
179.7000732421875,747.8118286132812
178.12600708007812,748.380126953125
176.54954528808594,748.9412841796875
174.97061157226562,749.4949951171875
173.38848876953125,750.0396118164062
171.8026885986328,750.57275390625
170.21286010742188,751.0927734375
168.61874389648438,751.5986328125
167.02090454101562,752.0919189453125
165.419921875,752.5745239257812
163.81639099121094,753.0482177734375
162.21034240722656,753.513671875
160.6018524169922,753.9705810546875
158.99102783203125,754.4191284179688
157.3777313232422,754.8580932617188
155.76219177246094,755.287353515625
154.14378356933594,755.7063598632812
152.52291870117188,756.1145629882812
150.89971923828125,756.5130615234375
149.2743377685547,756.9022216796875
147.64723205566406,757.282958984375
146.01821899414062,757.6552734375
144.38748168945312,758.0184936523438
142.75460815429688,758.3720703125
141.11952209472656,758.7136840820312
139.4823455810547,759.0426635742188
137.8426055908203,759.3580322265625
136.20079040527344,759.6591186523438
134.55703735351562,759.9475708007812
132.91140747070312,760.2230834960938
131.26425170898438,760.4872436523438
129.615478515625,760.7401123046875
127.96549224853516,760.9822387695312
126.31419372558594,761.2139892578125
124.66159057617188,761.4341430664062
123.00772857666016,761.6434326171875
121.35255432128906,761.8411865234375
119.69634246826172,762.02783203125
118.03884887695312,762.2037963867188
116.38043975830078,762.3696899414062
114.7210922241211,762.5281372070312
113.06104278564453,762.6799926757812
111.40056610107422,762.8277587890625
109.73944854736328,762.9724731445312
108.07809448242188,763.1150512695312
106.4163589477539,763.2560424804688
104.75422668457031,763.3956298828125
103.09178924560547,763.5340576171875
101.428955078125,763.67138671875
99.76588439941406,763.807861328125
98.10247039794922,763.9434814453125
96.43892669677734,764.0783081054688
94.77516174316406,764.2115478515625
93.1109848022461,764.3422241210938
91.44640350341797,764.4691162109375
89.78109741210938,764.5909423828125
88.11541748046875,764.7059936523438
86.4491958618164,764.8135375976562
84.78260803222656,764.9124755859375
83.11579132080078,765.0030517578125
81.44861602783203,765.0846557617188
79.78126525878906,765.1572875976562
78.113525390625,765.2203979492188
76.44566345214844,765.2730712890625
74.7776107788086,765.3148803710938
73.10926055908203,765.3456420898438
71.4407958984375,765.3661499023438
69.7724609375,765.3783569335938
68.10407257080078,765.3833618164062
66.4354248046875,765.3822021484375
64.7665023803711,765.3753051757812
63.097415924072266,765.3631591796875
61.42805480957031,765.3470458984375
59.75872802734375,765.3275756835938
58.089210510253906,765.306396484375
56.419281005859375,765.2842407226562
54.749168395996094,765.26220703125
53.078792572021484,765.241455078125
51.40830993652344,765.2224731445312
49.737606048583984,765.2059936523438
48.066593170166016,765.1927490234375
46.39548873901367,765.182861328125
44.72408676147461,765.1766357421875
43.052650451660156,765.174072265625
41.381019592285156,765.1751708984375
39.7091178894043,765.1797485351562
38.03709411621094,765.1871337890625
36.364906311035156,765.19677734375
34.692588806152344,765.2083129882812
33.02003860473633,765.2213745117188
31.347278594970703,765.2357177734375
29.674348831176758,765.251220703125
28.001224517822266,765.2677612304688
26.327945709228516,765.2852172851562
24.65450096130371,765.3036499023438
22.98089027404785,765.3230590820312
21.307100296020508,765.3435668945312
19.633136749267578,765.3652954101562
17.958999633789062,765.3884887695312
16.284717559814453,765.4129638671875
14.610276222229004,765.4390869140625
12.93567943572998,765.4668579101562
11.260917663574219,765.4961547851562
9.5859956741333,765.5271606445312
7.9109320640563965,765.559814453125
6.235722541809082,765.593994140625
4.560360908508301,765.6294555664062
2.884845018386841,765.6661987304688
1.2091623544692993,765.7039184570312
-0.4666898250579834,765.742431640625
-2.1427161693573,765.7816162109375
-3.8189103603363037,765.8212890625
-5.495278835296631,765.8612670898438
-7.171823978424072,765.9014892578125
-8.84853744506836,765.9417724609375
-10.525429725646973,765.9820556640625
-12.202510833740234,766.0223388671875
-13.879766464233398,766.0626220703125
-15.557194709777832,766.1029052734375
-17.23479461669922,766.1432495117188
-18.91255760192871,766.1837768554688
-20.590497970581055,766.2241821289062
-22.26861000061035,766.2644653320312
-23.9468994140625,766.3047485351562
-25.6253604888916,766.344970703125
-27.30400276184082,766.3849487304688
-28.982810974121094,766.4247436523438
-30.66179656982422,766.464111328125
-32.34095764160156,766.5029907226562
-34.02029037475586,766.5413208007812
-35.69979476928711,766.5790405273438
-37.37947082519531,766.6161499023438
-39.059322357177734,766.6526489257812
-40.73933029174805,766.6885375976562
-42.41947937011719,766.7238159179688
-44.099796295166016,766.758544921875
-45.780269622802734,766.79248046875
-47.46088409423828,766.82568359375
-49.14165115356445,766.8580932617188
-50.822547912597656,766.8897094726562
-52.503570556640625,766.9203491210938
-54.1847038269043,766.94970703125
-55.866024017333984,766.977783203125
-57.54753875732422,767.0040893554688
-59.22908401489258,767.0287475585938
-60.91074752807617,767.051513671875
-62.59259796142578,767.0722045898438
-64.27455139160156,767.0907592773438
-65.95661926269531,767.1068725585938
-67.63880157470703,767.1205444335938
-69.32118225097656,767.1317138671875
-71.0035400390625,767.1404418945312
-72.68596649169922,767.146728515625
-74.36865234375,767.150390625
-76.05136108398438,767.1514892578125
-77.73420715332031,767.149658203125
-79.41708374023438,767.144775390625
-81.10002899169922,767.1363525390625
-82.78292846679688,767.1239624023438
-84.46589660644531,767.107177734375
-86.14905548095703,767.085693359375
-87.83197021484375,767.0594482421875
-89.51475524902344,767.0281982421875
-91.19746398925781,766.990966796875
-92.8799819946289,766.9474487304688
-94.56230926513672,766.896240234375
-96.24420928955078,766.8370361328125
-97.92583465576172,766.7697143554688
-99.60684967041016,766.69384765625
-101.2870864868164,766.6096801757812
-102.96688079833984,766.5162353515625
-104.6460189819336,766.4130249023438
-106.3242416381836,766.2994995117188
-108.00145721435547,766.1756591796875
-109.67774963378906,766.0422973632812
-111.35296630859375,765.8987426757812
-113.02728271484375,765.7460327148438
-114.70073699951172,765.5840454101562
-116.37284851074219,765.4131469726562
-118.04386138916016,765.2335815429688
-119.71371459960938,765.044189453125
-121.38225555419922,764.8445434570312
-123.04926300048828,764.6341552734375
-124.71443939208984,764.4129638671875
-126.37789916992188,764.1812133789062
-128.03961181640625,763.9385986328125
-129.69940185546875,763.6848754882812
-131.35719299316406,763.4198608398438
-133.0126953125,763.1431884765625
-134.6656036376953,762.8540649414062
-136.31590270996094,762.5521240234375
-137.96322631835938,762.2361450195312
-139.6070556640625,761.90576171875
-141.24752807617188,761.5611572265625
-142.88442993164062,761.2023315429688
-144.5179901123047,760.83056640625
-146.1484375,760.4464721679688
-147.77529907226562,760.0505981445312
-149.39871215820312,759.6427612304688
-151.01844787597656,759.2214965820312
-152.63389587402344,758.7863159179688
-154.2449188232422,758.33740234375
-155.8516845703125,757.8751831054688
-157.45440673828125,757.4004516601562
-159.05296325683594,756.9132080078125
-160.64727783203125,756.4132080078125
-162.23728942871094,755.8999633789062
-163.82284545898438,755.3739624023438
-165.4043426513672,754.8368530273438
-166.9822998046875,754.2896728515625
-168.55728149414062,753.7335205078125
-170.12933349609375,753.1690063476562
-171.69866943359375,752.596923828125
-173.26564025878906,752.0177612304688
-174.83033752441406,751.4322509765625
-176.3931121826172,750.8413696289062
-177.9541015625,750.2451782226562
-179.51333618164062,749.6439819335938
-181.07070922851562,749.0376586914062
-182.62606811523438,748.4258422851562
-184.179443359375,747.8084106445312
-185.73048400878906,747.1849365234375
-187.27908325195312,746.5549926757812
-188.824951171875,745.9182739257812
-190.36793518066406,745.2744140625
-191.90785217285156,744.6234130859375
-193.44471740722656,743.965087890625
-194.9783935546875,743.2992553710938
-196.5083770751953,742.6253662109375
-198.0343780517578,741.9427490234375
-199.55599975585938,741.2503662109375
-201.07284545898438,740.5478515625
-202.58523559570312,739.8358764648438
-204.09349060058594,739.1151123046875
-205.59828186035156,738.38720703125
-207.10008239746094,737.6526489257812
-208.59921264648438,736.9122924804688
-210.09585571289062,736.1669311523438
-211.59007263183594,735.4165649414062
-213.0819854736328,734.660888671875
-214.57138061523438,733.9000244140625
-216.05848693847656,733.1343383789062
-217.54345703125,732.3643188476562
-219.02610778808594,731.5896606445312
-220.50650024414062,730.8101196289062
-221.98471069335938,730.0261840820312
-223.46115112304688,729.238525390625
-224.9359130859375,728.4474487304688
-226.40924072265625,727.6535034179688
-227.88140869140625,726.8569946289062
-229.3517608642578,726.0570068359375
-230.8196563720703,725.2522583007812
-232.28392028808594,724.4412231445312
-233.74391174316406,723.622802734375
-235.19882202148438,722.7954711914062
-236.64816284179688,721.9588623046875
-238.0914764404297,721.1126098632812
-239.52822875976562,720.2561645507812
-240.95811462402344,719.3890380859375
-242.38018798828125,718.5101318359375
-243.79403686523438,717.6192016601562
-245.199462890625,716.7158813476562
-246.59645080566406,715.800537109375
-247.98536682128906,714.8737182617188
-249.36618041992188,713.9353637695312
-250.73915100097656,712.9859619140625
-252.10411071777344,712.0256958007812
-253.46090698242188,711.0546875
-254.81028747558594,710.0732421875
-256.15203857421875,709.0817260742188
-257.48712158203125,708.0814819335938
-258.8162841796875,707.0734252929688
-260.14019775390625,706.0584106445312
-261.45928955078125,705.0369873046875
-262.77294921875,704.009033203125
-264.08111572265625,702.9740600585938
-265.38299560546875,701.9310302734375
-266.6783752441406,700.8800659179688
-267.9677429199219,699.8218383789062
-269.2511291503906,698.7567138671875
-270.52880859375,697.684814453125
-271.8001403808594,696.6053466796875
-273.06439208984375,695.5179443359375
-274.32098388671875,694.4219970703125
-275.56842041015625,693.31640625
-276.806396484375,692.2007446289062
-278.0346984863281,691.0745849609375
-279.254150390625,689.939208984375
-280.46588134765625,688.79638671875
-281.6698913574219,687.646484375
-282.86614990234375,686.4888305664062
-284.0530700683594,685.3213500976562
-285.22906494140625,684.1437377929688
-286.3932800292969,682.95556640625
-287.5447998046875,681.7562255859375
-288.6841735839844,680.546142578125
-289.8110656738281,679.3248901367188
-290.926025390625,678.0935668945312
-292.029541015625,676.852783203125
-293.1217956542969,675.6028442382812
-294.203125,674.3438720703125
-295.2727966308594,673.0755615234375
-296.3309631347656,671.79833984375
-297.37725830078125,670.5117797851562
-298.4119567871094,669.2166748046875
-299.435302734375,667.9131469726562
-300.4471435546875,666.601318359375
-301.4476623535156,665.2811889648438
-302.43658447265625,663.9525756835938
-303.41473388671875,662.6163940429688
-304.3827819824219,661.2732543945312
-305.3416748046875,659.9237670898438
-306.29180908203125,658.5678100585938
-307.23284912109375,657.20556640625
-308.1654052734375,655.8375854492188
-309.08941650390625,654.4637451171875
-310.0051574707031,653.0844116210938
-310.9130554199219,651.6996459960938
-311.8135070800781,650.3099365234375
-312.7071533203125,648.9158325195312
-313.5941467285156,647.517333984375
-314.4748229980469,646.1146850585938
-315.3489685058594,644.707763671875
-316.2165222167969,643.2965698242188
-317.0776062011719,641.8812866210938
-317.9322814941406,640.4620971679688
-318.78057861328125,639.0389404296875
-319.62225341796875,637.6116333007812
-320.4572448730469,636.1803588867188
-321.2856750488281,634.7451171875
-322.1075744628906,633.3059692382812
-322.9231262207031,631.863037109375
-323.7324523925781,630.41650390625
-324.5359191894531,628.9664916992188
-325.3330993652344,627.5130615234375
-326.12371826171875,626.055908203125
-326.9072570800781,624.5947875976562
-327.6832580566406,623.1295776367188
-328.45233154296875,621.6605224609375
-329.2146301269531,620.1879272460938
-329.9705505371094,618.7120361328125
-330.71990966796875,617.232666015625
-331.462158203125,615.7496948242188
-332.19696044921875,614.2627563476562
-332.9239196777344,612.7720336914062
-333.6436767578125,611.2777709960938
-334.3561096191406,609.7799682617188
-335.0609130859375,608.2786865234375
-335.7578430175781,606.7735595703125
-336.4460754394531,605.2645263671875
-337.125732421875,603.751708984375
-337.7967224121094,602.2349853515625
-338.4591369628906,600.714599609375
-339.11322021484375,599.1907348632812
-339.7584228515625,597.663330078125
-340.3945007324219,596.1321411132812
-341.01995849609375,594.5966186523438
-341.6344299316406,593.0569458007812
-342.2377624511719,591.5128784179688
-342.83038330078125,589.96484375
-343.41351318359375,588.4132080078125
-343.9871520996094,586.8580932617188
-344.5525207519531,585.2999877929688
-345.1092834472656,583.7385864257812
-345.6581726074219,582.1744384765625
-346.19927978515625,580.6074829101562
-346.73248291015625,579.0377807617188
-347.2581481933594,577.46533203125
-347.7759704589844,575.8902587890625
-348.2868347167969,574.3128662109375
-348.7906799316406,572.7330932617188
-349.2874450683594,571.151123046875
-349.7765808105469,569.5667114257812
-350.2569274902344,567.9796142578125
-350.7281188964844,566.3896484375
-351.18939208984375,564.796875
-351.6413879394531,563.2015380859375
-352.0845031738281,561.6036376953125
-352.5187683105469,560.0033569335938
-352.94482421875,558.4009399414062
-353.36163330078125,556.7962646484375
-353.7682800292969,555.1890869140625
-354.1635437011719,553.5789794921875
-354.5461120605469,551.9662475585938
-354.916748046875,550.3510131835938
-355.2755432128906,548.7332153320312
-355.62335205078125,547.113525390625
-355.96038818359375,545.4915161132812
-356.2856140136719,543.867431640625
-356.5992431640625,542.2412109375
-356.8997802734375,540.61279296875
-357.1872863769531,538.9825439453125
-357.4622497558594,537.3501586914062
-357.7247619628906,535.7160034179688
-357.9766845703125,534.08056640625
-358.2185363769531,532.443603515625
-358.45098876953125,530.805419921875
-358.6742248535156,529.1658325195312
-358.88763427734375,527.5250854492188
-359.09161376953125,525.8831787109375
-359.2850341796875,524.239990234375
-359.4681396484375,522.5958251953125
-359.6411437988281,520.9501953125
-359.8042297363281,519.3037109375
-359.9596252441406,517.6564331054688
-360.10791015625,516.0084228515625
-360.25042724609375,514.3600463867188
-360.38702392578125,512.7110595703125
-360.5169982910156,511.0614013671875
-360.6396179199219,509.4109191894531
-360.75250244140625,507.7598571777344
-360.85516357421875,506.1082458496094
-360.9468688964844,504.4558410644531
-361.02880859375,502.802978515625
-361.10308837890625,501.1496887207031
-361.1705627441406,499.49615478515625
-361.2327880859375,497.8424987792969
-361.2894592285156,496.1880187988281
-361.3406677246094,494.5333251953125
-361.3865966796875,492.8783264160156
-361.4267883300781,491.222900390625
-361.4617919921875,489.567138671875
-361.49151611328125,487.9109802246094
-361.51678466796875,486.2545471191406
-361.5382385253906,484.5977478027344
-361.55670166015625,482.9407958984375
-361.5727233886719,481.2835693359375
-361.5865173339844,479.6260681152344
-361.5981140136719,477.9684753417969
-361.6071472167969,476.3104248046875
-361.61322021484375,474.6521911621094
-361.6159362792969,472.9935302734375
-361.61541748046875,471.33465576171875
-361.6119384765625,469.675537109375
-361.6059875488281,468.01629638671875
-361.5978698730469,466.3570556640625
-361.5874938964844,464.697509765625
-361.5746765136719,463.03759765625
-361.55914306640625,461.3773193359375
-361.5409851074219,459.716796875
-361.52069091796875,458.05609130859375
-361.4989318847656,456.39520263671875
-361.4763488769531,454.7342529296875
-361.4532470703125,453.072998046875
-361.43017578125,451.411376953125
-361.4075622558594,449.7494812011719
-361.38592529296875,448.0872802734375
-361.36578369140625,446.4249267578125
-361.3476257324219,444.7623291015625
-361.3318786621094,443.0995178222656
-361.31884765625,441.43646240234375
-361.3088073730469,439.773193359375
-361.30194091796875,438.1097412109375
-361.2981262207031,436.4460144042969
-361.29736328125,434.7821044921875
-361.29962158203125,433.1179504394531
-361.30462646484375,431.45361328125
-361.3122253417969,429.7890930175781
-361.322021484375,428.1243896484375
-361.3337097167969,426.4594421386719
-361.3471374511719,424.7943115234375
-361.3619689941406,423.1289367675781
-361.3780212402344,421.4633483886719
-361.3951721191406,419.79754638671875
-361.4131774902344,418.13153076171875
-361.43194580078125,416.4653015136719
-361.4513854980469,414.7988586425781
-361.47125244140625,413.1322021484375
-361.4914855957031,411.4653015136719
-361.51190185546875,409.7981872558594
-361.5325012207031,408.130859375
-361.5530700683594,406.46331787109375
-361.5734558105469,404.7955627441406
-361.5935363769531,403.1275634765625
-361.6130676269531,401.4593505859375
-361.6318054199219,399.7908935546875
-361.64947509765625,398.1222229003906
-361.6659240722656,396.45330810546875
-361.6810302734375,394.7842102050781
-361.69451904296875,393.1148681640625
-361.70623779296875,391.4453125
-361.7159423828125,389.7755432128906
-361.7236022949219,388.1055603027344
-361.7290954589844,386.4353942871094
-361.7323913574219,384.7650146484375
-361.7335205078125,383.09442138671875
-361.7325134277344,381.42364501953125
-361.7294921875,379.752685546875
-361.7246398925781,378.0815124511719
-361.7181396484375,376.41015625
-361.71014404296875,374.7386169433594
-361.70086669921875,373.0668640136719
-361.6904602050781,371.3948974609375
-361.67913818359375,369.7227478027344
-361.66705322265625,368.0504150390625
-361.6543273925781,366.37786865234375
-361.6411437988281,364.70513916015625
-361.6275939941406,363.0322265625
-361.6137390136719,361.359130859375
-361.599609375,359.685791015625
-361.5852966308594,358.01226806640625
-361.57080078125,356.33856201171875
-361.5562438964844,354.6646423339844
-361.541748046875,352.99053955078125
-361.5274658203125,351.3162536621094
-361.51348876953125,349.64178466796875
-361.4999694824219,347.96710205078125
-361.4870300292969,346.292236328125
-361.4748229980469,344.6171875
-361.4634704589844,342.9419250488281
-361.453125,341.2664794921875
-361.4439392089844,339.5908508300781
-361.4359436035156,337.9150390625
-361.42926025390625,336.2390441894531
-361.4239501953125,334.5628356933594
-361.41998291015625,332.886474609375
-361.4175109863281,331.2099304199219
-361.41644287109375,329.533203125
-361.4169006347656,327.8563232421875
-361.4189147949219,326.17926025390625
-361.4225769042969,324.5020446777344
-361.4278259277344,322.8246765136719
-361.4347229003906,321.1471252441406
-361.4433288574219,319.46942138671875
-361.4535827636719,317.79156494140625
-361.4654846191406,316.1135559082031
-361.4790954589844,314.4353942871094
-361.4944152832031,312.7571105957031
-361.5115051269531,311.07867431640625
-361.5303649902344,309.40008544921875
-361.5509948730469,307.7213439941406
-361.5733947753906,306.04248046875
-361.5975036621094,304.363525390625
-361.6232604980469,302.6844177246094
-361.65057373046875,301.00518798828125
-361.6793212890625,299.3258056640625
-361.7094421386719,297.6462707519531
-361.7408142089844,295.96661376953125
-361.7732849121094,294.28680419921875
-361.80670166015625,292.60687255859375
-361.84088134765625,290.9267883300781
-361.8757629394531,289.2465515136719
-361.9111633300781,287.566162109375
-361.9469909667969,285.8856201171875
-361.983154296875,284.2049255371094
-362.01959228515625,282.52410888671875
-362.05615234375,280.8431091308594
-362.0927734375,279.1619567871094
-362.1292724609375,277.48065185546875
-362.16552734375,275.7991638183594
-362.2013244628906,274.1175231933594
-362.23651123046875,272.43572998046875
-362.2708740234375,270.7537536621094
-362.3041687011719,269.07159423828125
-362.33624267578125,267.3892822265625
-362.3669128417969,265.706787109375
-362.39593505859375,264.02410888671875
-362.4232482910156,262.3412780761719
-362.4487609863281,260.65826416015625
-362.4725036621094,258.97509765625
-362.4945373535156,257.291748046875
-362.5149841308594,255.6082305908203
-362.5339050292969,253.924560546875
-362.55145263671875,252.24073791503906
-362.56781005859375,250.55674743652344
-362.5831298828125,248.8726043701172
-362.5975036621094,247.1883087158203
-362.61114501953125,245.5038604736328
-362.6242370605469,243.81927490234375
-362.6368713378906,242.13453674316406
-362.64910888671875,240.44964599609375
-362.6610412597656,238.7646026611328
-362.6727294921875,237.0794219970703
-362.6842346191406,235.39410400390625
-362.6954650878906,233.70864868164062
-362.7065124511719,232.02304077148438
-362.7173767089844,230.33729553222656
-362.72808837890625,228.65139770507812
-362.7386474609375,226.96536254882812
-362.74908447265625,225.27919006347656
-362.75933837890625,223.59286499023438
-362.76947021484375,221.9064178466797
-362.7794189453125,220.21983337402344
-362.78924560546875,218.53309631347656
-362.79888916015625,216.8462371826172
-362.8083801269531,215.1592254638672
-362.8177185058594,213.4720916748047
-362.8268737792969,211.78482055664062
-362.83587646484375,210.09739685058594
-362.8448791503906,208.40985107421875
-362.85406494140625,206.72218322753906
-362.8634338378906,205.0343780517578
-362.8731689453125,203.34645080566406
-362.8834533691406,201.6584014892578
-362.8944396972656,199.97021484375
-362.9062194824219,198.2819061279297
-362.9189453125,196.59347534179688
-362.9326171875,194.90493774414062
-362.9473571777344,193.21629333496094
-362.963134765625,191.52752685546875
-362.97998046875,189.83865356445312
-362.9978332519531,188.14967346191406
-363.0166931152344,186.4605712890625
-363.0364990234375,184.7713623046875
-363.0572204589844,183.08203125
-363.0787353515625,181.39259338378906
-363.1011047363281,179.70303344726562
-363.1241760253906,178.0133819580078
-363.1479797363281,176.3236083984375
-363.1724548339844,174.63372802734375
-363.19757080078125,172.94374084472656
-363.22332763671875,171.25364685058594
-363.2497253417969,169.56344604492188
-363.2767028808594,167.8731231689453
-363.30426025390625,166.1826934814453
-363.332275390625,164.49215698242188
-363.36065673828125,162.801513671875
-363.38934326171875,161.11074829101562
-363.418212890625,159.4198760986328
-363.4471740722656,157.7288818359375
-363.4761047363281,156.03778076171875
-363.5049133300781,154.34654235839844
-363.53350830078125,152.65518188476562
-363.5617980957031,150.96371459960938
-363.5897521972656,149.27212524414062
-363.6173400878906,147.58041381835938
-363.64447021484375,145.8885955810547
-363.6711120605469,144.1966552734375
-363.697265625,142.50457763671875
-363.7228698730469,140.8123779296875
-363.74786376953125,139.1200714111328
-363.7721862792969,137.42764282226562
-363.7958679199219,135.73509216308594
-363.81890869140625,134.0424041748047
-363.8411865234375,132.34962463378906
-363.86279296875,130.65670776367188
-363.8836669921875,128.96368408203125
-363.90380859375,127.2705307006836
-363.9231872558594,125.5772705078125
-363.9418640136719,123.88389587402344
-363.9599609375,122.1904067993164
-363.9775390625,120.4968032836914
-363.9946594238281,118.80308532714844
-364.0114440917969,117.10926055908203
-364.0279846191406,115.41533660888672
-364.0444030761719,113.72129821777344
-364.0607604980469,112.02716064453125
-364.0772399902344,110.3329086303711
-364.0938720703125,108.63856506347656
-364.1107177734375,106.94412231445312
-364.1279296875,105.24958038330078
-364.14556884765625,103.55494689941406
-364.16375732421875,101.86022186279297
-364.1825256347656,100.16539764404297
-364.20196533203125,98.4704818725586
-364.22210693359375,96.77546691894531
-364.2430114746094,95.08036041259766
-364.2646484375,93.38517761230469
-364.2870178222656,91.68989562988281
-364.31011962890625,89.99453735351562
-364.333984375,88.2990951538086
-364.3586120605469,86.60356140136719
-364.384033203125,84.90795135498047
-364.4102478027344,83.21224975585938
-364.4371643066406,81.51647186279297
-364.4647521972656,79.82061004638672
-364.492919921875,78.12466430664062
-364.5215759277344,76.42861938476562
-364.55059814453125,74.73249053955078
-364.5798645019531,73.0362777709961
-364.6092834472656,71.3399658203125
-364.63861083984375,69.64356231689453
-364.66778564453125,67.94705963134766
-364.6966552734375,66.2504653930664
-364.7251892089844,64.55376434326172
-364.7532653808594,62.856964111328125
-364.78082275390625,61.16006088256836
-364.8077697753906,59.46305847167969
-364.8340759277344,57.76595687866211
-364.8597106933594,56.068756103515625
-364.8847351074219,54.37145233154297
-364.9092102050781,52.67404556274414
-364.93310546875,50.97654342651367
-364.9565124511719,49.27894973754883
-364.9795227050781,47.581260681152344
-365.0021667480469,45.88347244262695
-365.0245361328125,44.18559265136719
-365.0467224121094,42.48762512207031
-365.06878662109375,40.78956985473633
-365.09075927734375,39.09142303466797
-365.1126708984375,37.39319610595703
-365.1344909667969,35.69487762451172
-365.15618896484375,33.9964714050293
-365.1777648925781,32.297977447509766
-365.1990661621094,30.599388122558594
-365.2200012207031,28.900711059570312
-365.2403869628906,27.20194435119629
-365.26019287109375,25.503087997436523
-365.2792053222656,23.804136276245117
-365.2973327636719,22.10509490966797
-365.3144226074219,20.405963897705078
-365.3303527832031,18.706737518310547
-365.34503173828125,17.007423400878906
-365.3583679199219,15.30802059173584
-365.37042236328125,13.608526229858398
-365.3812561035156,11.908942222595215
-365.3908996582031,10.209275245666504
-365.3995056152344,8.509522438049316
-365.4071350097656,6.80968713760376
-365.41387939453125,5.109769821166992
-365.41998291015625,3.409768581390381
-365.4254455566406,1.709686040878296
-365.4304504394531,0.009516209363937378
-365.43505859375,-1.6907320022583008
-365.43939208984375,-3.3910582065582275
-365.4435119628906,-5.091467380523682
-365.4474792480469,-6.7919511795043945
-365.4514465332031,-8.492507934570312
-365.4554443359375,-10.19314956665039
-365.4596252441406,-11.893872261047363
-365.4640197753906,-13.594666481018066
-365.4687805175781,-15.29553508758545
-365.4739685058594,-16.996477127075195
-365.47967529296875,-18.697490692138672
-365.4859924316406,-20.398578643798828
-365.492919921875,-22.09973907470703
-365.50054931640625,-23.800968170166016
-365.50885009765625,-25.502269744873047
-365.51800537109375,-27.203638076782227
-365.5279235839844,-28.905073165893555
-365.53875732421875,-30.606569290161133
-365.55047607421875,-32.308128356933594
-365.5630798339844,-34.0097541809082
-365.5765686035156,-35.71144104003906
-365.5909118652344,-37.41319274902344
-365.6059875488281,-39.11500930786133
-365.6217041015625,-40.816890716552734
-365.637939453125,-42.51884460449219
-365.6545715332031,-44.22085952758789
-365.6714782714844,-45.92294692993164
-365.6885070800781,-47.625099182128906
-365.70556640625,-49.32732391357422
-365.7225036621094,-51.02962112426758
-365.7392578125,-52.731990814208984
-365.75579833984375,-54.43443298339844
-365.7720031738281,-56.13694381713867
-365.787841796875,-57.83952713012695
-365.8032531738281,-59.54218673706055
-365.8181457519531,-61.24491882324219
-365.8325500488281,-62.94771957397461
-365.846435546875,-64.65059661865234
-365.8597412109375,-66.35354614257812
-365.8724365234375,-68.05656433105469
-365.88458251953125,-69.75965881347656
-365.8962097167969,-71.46282196044922
-365.90728759765625,-73.16605377197266
-365.91778564453125,-74.86935424804688
-365.92767333984375,-76.57272338867188
-365.93701171875,-78.27616119384766
-365.9457092285156,-79.97966766357422
-365.95379638671875,-81.68324279785156
-365.96124267578125,-83.38689422607422
-365.9681091308594,-85.09060668945312
-365.9743347167969,-86.79438781738281
-365.9797668457031,-88.49823760986328
-365.9842224121094,-90.2021484375
-365.9875183105469,-91.90612030029297
-365.9894714355469,-93.61016082763672
-365.98992919921875,-95.31424713134766
-365.98876953125,-97.01840209960938
-365.98583984375,-98.72259521484375
-365.9809875488281,-100.42684173583984
-365.9743347167969,-102.13114166259766
-365.9658508300781,-103.83548736572266
-365.9556579589844,-105.53987121582031
-365.94384765625,-107.24430847167969
-365.93060302734375,-108.94878387451172
-365.91607666015625,-110.6533203125
-365.90045166015625,-112.35790252685547
-365.88397216796875,-114.06254577636719
-365.8668212890625,-115.7672348022461
-365.8491516113281,-117.47197723388672
-365.8311767578125,-119.1767807006836
-365.81317138671875,-120.88164520263672
-365.79534912109375,-122.58656311035156
-365.77789306640625,-124.29154205322266
-365.760986328125,-125.99659729003906
-365.74481201171875,-127.70170593261719
-365.7295227050781,-129.40687561035156
-365.7153015136719,-131.11212158203125
-365.70233154296875,-132.81741333007812
-365.6907043457031,-134.52276611328125
-365.68048095703125,-136.22817993164062
-365.6717834472656,-137.93365478515625
-365.66461181640625,-139.63917541503906
-365.6589660644531,-141.34475708007812
-365.65484619140625,-143.05038452148438
-365.652099609375,-144.75608825683594
-365.65081787109375,-146.4618377685547
-365.65081787109375,-148.16761779785156
-365.6520080566406,-149.8734588623047
-365.6542663574219,-151.579345703125
-365.65753173828125,-153.2852783203125
-365.6616516113281,-154.9912872314453
-365.66650390625,-156.6973419189453
-365.6719665527344,-158.40342712402344
-365.67791748046875,-160.10958862304688
-365.684326171875,-161.81581115722656
-365.6910705566406,-163.5220489501953
-365.6980895996094,-165.22836303710938
-365.7053527832031,-166.93472290039062
-365.71282958984375,-168.64114379882812
-365.7205505371094,-170.3476104736328
-365.72845458984375,-172.05413818359375
-365.736572265625,-173.76071166992188
-365.74481201171875,-175.4673309326172
-365.7531433105469,-177.17401123046875
-365.76153564453125,-178.8807373046875
-365.7699279785156,-180.58750915527344
-365.7783203125,-182.2943572998047
-365.7867126464844,-184.00123596191406
-365.79510498046875,-185.7081756591797
-365.8034973144531,-187.41517639160156
-365.8118896484375,-189.12220764160156
-365.8202819824219,-190.82928466796875
-365.82867431640625,-192.53643798828125
-365.8370666503906,-194.24362182617188
-365.8455810546875,-195.9508514404297
-365.8542175292969,-197.65814208984375
-365.8631286621094,-199.365478515625
-365.8722839355469,-201.07286071777344
-365.88177490234375,-202.78028869628906
-365.89166259765625,-204.4877471923828
-365.90191650390625,-206.19528198242188
-365.91265869140625,-207.90283203125
-365.9238586425781,-209.61044311523438
-365.9355773925781,-211.31808471679688
-365.9478454589844,-213.02577209472656
-365.9606628417969,-214.73350524902344
-365.9739074707031,-216.44126892089844
-365.9875183105469,-218.1490936279297
-366.00146484375,-219.85694885253906
-366.01568603515625,-221.5648651123047
-366.030029296875,-223.27279663085938
-366.0444641113281,-224.9807891845703
-366.058837890625,-226.68882751464844
-366.0730895996094,-228.39691162109375
-366.0871276855469,-230.1050567626953
-366.1008605957031,-231.81324768066406
-366.11431884765625,-233.52146911621094
-366.1274108886719,-235.22976684570312
-366.14007568359375,-236.93807983398438
-366.15228271484375,-238.64645385742188
-366.1639709472656,-240.35488891601562
-366.17510986328125,-242.0633544921875
-366.18560791015625,-243.77188110351562
-366.1954040527344,-245.48045349121094
-366.20440673828125,-247.18905639648438
-366.21258544921875,-248.89773559570312
-366.21978759765625,-250.6064453125
-366.2259216308594,-252.31520080566406
-366.2308654785156,-254.0239715576172
-366.234619140625,-255.73280334472656
-366.23712158203125,-257.441650390625
-366.2384033203125,-259.1506042480469
-366.238525390625,-260.8595886230469
-366.237548828125,-262.5685729980469
-366.23565673828125,-264.2775573730469
-366.2330322265625,-265.9866943359375
-366.22998046875,-267.6958312988281
-366.2269287109375,-269.40496826171875
-366.2242431640625,-271.1141357421875
-366.22235107421875,-272.82342529296875
-366.2217102050781,-274.53271484375
-366.22265625,-276.24200439453125
-366.2253112792969,-277.9512939453125
-366.2297668457031,-279.66058349609375
-366.23614501953125,-281.3699645996094
-366.2443542480469,-283.07940673828125
-366.25433349609375,-284.7888488769531
-366.26593017578125,-286.498291015625
-366.2789306640625,-288.2077331542969
-366.2930603027344,-289.91717529296875
-366.30810546875,-291.626708984375
-366.32379150390625,-293.3363037109375
-366.3399353027344,-295.0458984375
-366.3562927246094,-296.7554931640625
-366.37274169921875,-298.4651184082031
-366.3890380859375,-300.17486572265625
-366.40496826171875,-301.8846130371094
-366.42022705078125,-303.5943603515625
-366.43463134765625,-305.30419921875
-366.44793701171875,-307.01409912109375
-366.45989990234375,-308.7239990234375
-366.4703063964844,-310.43389892578125
-366.47894287109375,-312.1439514160156
-366.4856872558594,-313.85400390625
-366.4904479980469,-315.5640563964844
-366.4933166503906,-317.27410888671875
-366.49432373046875,-318.98419189453125
-366.49359130859375,-320.69439697265625
-366.4913024902344,-322.40460205078125
-366.4875793457031,-324.11480712890625
-366.4825744628906,-325.82501220703125
-366.4765625,-327.5352478027344
-366.4696960449219,-329.24560546875
-366.46209716796875,-330.9559631347656
-366.45391845703125,-332.66632080078125
-366.4451904296875,-334.3766784667969
-366.43597412109375,-336.0870666503906
-366.4262390136719,-337.7975769042969
-366.4159851074219,-339.5080871582031
-366.4051513671875,-341.2185974121094
-366.3935546875,-342.9291076660156
-366.381103515625,-344.6396789550781
-366.3678283691406,-346.350341796875
-366.3537902832031,-348.0610046386719
-366.3389892578125,-349.77166748046875
-366.3234558105469,-351.4823303222656
-366.307373046875,-353.1929931640625
-366.2908630371094,-354.9037170410156
-366.2740783691406,-356.6145324707031
-366.25714111328125,-358.3253479003906
-366.2402038574219,-360.0361633300781
-366.2235107421875,-361.7469787597656
-366.2071228027344,-363.4578857421875
-366.191162109375,-365.1688537597656
-366.17572021484375,-366.87982177734375
-366.1608581542969,-368.5907897949219
-366.1466369628906,-370.3018493652344
-366.1330871582031,-372.0129699707031
-366.1202697753906,-373.7240905761719
-366.1081237792969,-375.4352111816406
-366.0966796875,-377.1463317871094
-366.0859680175781,-378.85760498046875
-366.0758972167969,-380.5688781738281
-366.0665588378906,-382.2801513671875
-366.057861328125,-383.9914245605469
-366.0499267578125,-385.7027587890625
-366.0427551269531,-387.4141845703125
-366.0363464355469,-389.1256103515625
-366.03057861328125,-390.8370361328125
-366.0255432128906,-392.5484619140625
-366.0212707519531,-394.2598876953125
-366.0177307128906,-395.9714660644531
-366.0148620605469,-397.68304443359375
-366.0127258300781,-399.3946228027344
-366.01123046875,-401.106201171875
-366.01025390625,-402.8177795410156
-366.0097351074219,-404.5294494628906
-366.0096130371094,-406.2411804199219
-366.0097961425781,-407.9529113769531
-366.01019287109375,-409.6646423339844
-366.0107116699219,-411.3763732910156
-366.0113220214844,-413.0881652832031
-366.0119323730469,-414.800048828125
-366.0125427246094,-416.5119323730469
-366.01300048828125,-418.22381591796875
-366.0134582519531,-419.9356994628906
-366.0138244628906,-421.6476135253906
-366.0141296386719,-423.3596496582031
-366.0144348144531,-425.0716857910156
-366.0147705078125,-426.7837219238281
-366.01513671875,-428.4957580566406
-366.0155944824219,-430.2077941894531
-366.01605224609375,-431.91986083984375
-366.0165100097656,-433.6320495605469
-366.0169677734375,-435.34423828125
-366.0173645019531,-437.0564270019531
-366.017578125,-438.76861572265625
-366.0173645019531,-440.4808044433594
-366.0164489746094,-442.1929931640625
-366.01470947265625,-443.9051513671875
-366.01171875,-445.6171875
-366.00714111328125,-447.32928466796875
-366.00067138671875,-449.0414123535156
-365.99224853515625,-450.7534484863281
-365.9818115234375,-452.4654846191406
-365.9692687988281,-454.1773681640625
-365.9544372558594,-455.8892822265625
-365.9368896484375,-457.6011657714844
-365.9166259765625,-459.3130187988281
-365.8935241699219,-461.0247497558594
-365.8677673339844,-462.7364196777344
-365.8396301269531,-464.447998046875
-365.80902099609375,-466.1595458984375
-365.7760009765625,-467.8709716796875
-365.7401428222656,-469.5823974609375
-365.7013854980469,-471.2937316894531
-365.65960693359375,-473.0048522949219
-365.6143798828125,-474.7159118652344
-365.5655517578125,-476.4268493652344
-365.51263427734375,-478.13763427734375
-365.45538330078125,-479.84808349609375
-365.3934020996094,-481.5583190917969
-365.3258361816406,-483.26824951171875
-365.2523193359375,-484.9778137207031
-365.1718444824219,-486.6869812011719
-365.0844421386719,-488.39569091796875
-364.99029541015625,-490.1039733886719
-364.8897705078125,-491.8114929199219
-364.78314208984375,-493.5184631347656
-364.6694030761719,-495.2248840332031
-364.54815673828125,-496.9307556152344
-364.4183654785156,-498.6358947753906
-364.27996826171875,-500.340087890625
-364.13372802734375,-502.0435791015625
-363.9801025390625,-503.7459716796875
-363.8197937011719,-505.4474792480469
-363.6522521972656,-507.14837646484375
-363.47686767578125,-508.8483581542969
-363.2928161621094,-510.54730224609375
-363.0999450683594,-512.2449340820312
-362.89837646484375,-513.9413452148438
-362.6882019042969,-515.6365966796875
-362.46942138671875,-517.3304443359375
-362.2416687011719,-519.0230102539062
-362.0050048828125,-520.7142944335938
-361.75933837890625,-522.4039916992188
-361.5047607421875,-524.0921020507812
-361.2415466308594,-525.77880859375
-360.9696350097656,-527.4638061523438
-360.68914794921875,-529.1471557617188
-360.3999328613281,-530.8289794921875
-360.1016540527344,-532.5089721679688
-359.79425048828125,-534.1870727539062
-359.477294921875,-535.8632202148438
-359.1507568359375,-537.5372314453125
-358.8145751953125,-539.2091064453125
-358.46844482421875,-540.8787231445312
-358.1123046875,-542.5459594726562
-357.7461853027344,-544.2108154296875
-357.3701477050781,-545.8731689453125
-356.9842834472656,-547.5330200195312
-356.5885925292969,-549.1903686523438
-356.1832275390625,-550.8451538085938
-355.7684020996094,-552.4973754882812
-355.34417724609375,-554.14697265625
-354.9105224609375,-555.7938842773438
-354.46759033203125,-557.4381103515625
-354.0148620605469,-559.0794067382812
-353.5523681640625,-560.7178955078125
-353.080322265625,-562.3533935546875
-352.59942626953125,-563.9862060546875
-352.1104431152344,-565.6165161132812
-351.61376953125,-567.244384765625
-351.10980224609375,-568.8699951171875
-350.598876953125,-570.4932861328125
-350.08087158203125,-572.1143188476562
-349.5556335449219,-573.7329711914062
-349.02294921875,-575.3490600585938
-348.4823303222656,-576.9622802734375
-347.9332580566406,-578.5725708007812
-347.374755859375,-580.1793823242188
-346.8063049316406,-581.7824096679688
-346.2274169921875,-583.3815307617188
-345.63812255859375,-584.9765625
-345.0387878417969,-586.567626953125
-344.4297180175781,-588.1547241210938
-343.8111572265625,-589.7379150390625
-343.18292236328125,-591.3170776367188
-342.5450439453125,-592.8921508789062
-341.8976135253906,-594.4630737304688
-341.24066162109375,-596.0297241210938
-340.57440185546875,-597.5923461914062
-339.8986511230469,-599.150634765625
-339.2137451171875,-600.7047119140625
-338.519775390625,-602.254638671875
-337.8167419433594,-603.8001708984375
-337.1047058105469,-605.3414306640625
-336.3830261230469,-606.8780517578125
-335.6520690917969,-608.4100341796875
-334.9118957519531,-609.9374389648438
-334.1629333496094,-611.4603271484375
-333.4059143066406,-612.9791870117188
-332.64093017578125,-614.493896484375
-331.8685607910156,-616.0047607421875
-331.0884094238281,-617.51171875
-330.3009033203125,-619.0146484375
-329.5065612792969,-620.5140380859375
-328.70550537109375,-622.0096435546875
-327.89764404296875,-623.5015869140625
-327.08221435546875,-624.9893798828125
-326.25933837890625,-626.4729614257812
-325.4294128417969,-627.9526977539062
-324.5929870605469,-629.4287109375
-323.7508850097656,-630.9014892578125
-322.9030456542969,-632.3707885742188
-322.049072265625,-633.8365478515625
-321.1878662109375,-635.298095703125
-320.3191833496094,-636.7550659179688
-319.4430847167969,-638.2076416015625
-318.55963134765625,-639.655517578125
-317.6694030761719,-641.0991821289062
-316.7717590332031,-642.5382080078125
-315.8665466308594,-643.97216796875
-314.95330810546875,-645.4010620117188
-314.03173828125,-646.8242797851562
-313.10186767578125,-648.241943359375
-312.1634521484375,-649.6537475585938
-311.216796875,-651.059814453125
-310.2617492675781,-652.4599609375
-309.2984619140625,-653.8543090820312
-308.32708740234375,-655.2428588867188
-307.34759521484375,-656.6253051757812
-306.3600158691406,-658.0018310546875
-305.3634033203125,-659.37158203125
-304.35784912109375,-660.7343139648438
-303.3431701660156,-662.090087890625
-302.31951904296875,-663.4387817382812
-301.28729248046875,-664.7805786132812
-300.2462463378906,-666.1152954101562
-299.1968994140625,-667.443115234375
-298.1392822265625,-668.7640991210938
-297.0736083984375,-670.078125
-295.99969482421875,-671.3851928710938
-294.91693115234375,-672.6845092773438
-293.82525634765625,-673.9759521484375
-292.7240905761719,-675.2589111328125
-291.6135559082031,-676.5331420898438
-290.4937744140625,-677.7988891601562
-289.3650817871094,-679.0562133789062
-288.2281799316406,-680.3056030273438
-287.0827331542969,-681.5466918945312
-285.92840576171875,-682.7786865234375
-284.7637634277344,-684.0006713867188
-283.5878601074219,-685.2110595703125
-282.401123046875,-686.4100341796875
-281.2040100097656,-687.5980834960938
-279.9979553222656,-688.7764892578125
-278.7838439941406,-689.946044921875
-277.56207275390625,-691.1069946289062
-276.33233642578125,-692.2591552734375
-275.0937805175781,-693.4012451171875
-273.846435546875,-694.532958984375
-272.5898132324219,-695.6537475585938
-271.3240661621094,-696.763427734375
-270.04962158203125,-697.8626098632812
-268.7662048339844,-698.95068359375
-267.4742736816406,-700.0279541015625
-266.1734924316406,-701.0942993164062
-264.8648376464844,-702.1502685546875
-263.5489196777344,-703.1965942382812
-262.2255859375,-704.2330322265625
-260.8948669433594,-705.2595825195312
-259.556396484375,-706.2758178710938
-258.21087646484375,-707.2818603515625
-256.8581848144531,-708.2779541015625
-255.4983673095703,-709.2640991210938
-254.1320037841797,-710.2409057617188
-252.75921630859375,-711.2083129882812
-251.3804168701172,-712.1669921875
-249.99563598632812,-713.1170043945312
-248.60499572753906,-714.05810546875
-247.20875549316406,-714.9907836914062
-245.806884765625,-715.9149169921875
-244.3997802734375,-716.830810546875
-242.98753356933594,-717.7387084960938
-241.5703125,-718.638671875
-240.14828491210938,-719.531005859375
-238.72149658203125,-720.4154663085938
-237.29000854492188,-721.292236328125
-235.853759765625,-722.1611328125
-234.4128875732422,-723.0221557617188
-232.96749877929688,-723.8754272460938
-231.5175323486328,-724.720703125
-230.0630340576172,-725.5579833984375
-228.603759765625,-726.3868408203125
-227.1398162841797,-727.2070922851562
-225.67111206054688,-728.0185546875
-224.1976776123047,-728.8212890625
-222.7196044921875,-729.6152954101562
-221.23696899414062,-730.4004516601562
-219.75006103515625,-731.1773071289062
-218.25888061523438,-731.94580078125
-216.763671875,-732.7061767578125
-215.26437377929688,-733.45849609375
-213.7611541748047,-734.20263671875
-212.25405883789062,-734.93896484375
-210.74298095703125,-735.6666870117188
-209.2279510498047,-736.3856201171875
-207.7085723876953,-737.0953369140625
-206.18496704101562,-737.795654296875
-204.65728759765625,-738.48681640625
-203.12570190429688,-739.1688842773438
-201.59042358398438,-739.84228515625
-200.05140686035156,-740.5069580078125
-198.50881958007812,-741.1630249023438
-196.96258544921875,-741.810302734375
-195.41270446777344,-742.4483642578125
-193.85922241210938,-743.0775756835938
-192.30213928222656,-743.697509765625
-190.7418212890625,-744.3088989257812
-189.1782684326172,-744.9117431640625
-187.611572265625,-745.505859375
-186.04151916503906,-746.0911865234375
-184.46812438964844,-746.667236328125
-182.89173889160156,-747.234619140625
-181.31231689453125,-747.7933959960938
-179.73011779785156,-748.3438720703125
-178.1451416015625,-748.8864135742188
-176.55746459960938,-749.4207153320312
-174.9672088623047,-749.9470825195312
-173.3740997314453,-750.4644165039062
-171.7781524658203,-750.97216796875
-170.1790008544922,-751.4699096679688
-168.57684326171875,-751.9573364257812
-166.97207641601562,-752.4359130859375
-165.36483764648438,-752.9057006835938
-163.7553253173828,-753.3673706054688
-162.14329528808594,-753.820556640625
-160.5289306640625,-754.2645874023438
-158.91213989257812,-754.69970703125
-157.2928924560547,-755.124755859375
-155.67129516601562,-755.5404052734375
-154.04713439941406,-755.9462280273438
-152.4208526611328,-756.3428344726562
-150.79257202148438,-756.7310791015625
-149.16236877441406,-757.111328125
-147.53050231933594,-757.4842529296875
-145.89697265625,-757.849853515625
-144.2618865966797,-758.2080688476562
-142.6251220703125,-758.5586547851562
-140.98670959472656,-758.90087890625
-139.34666442871094,-759.2346801757812
-137.70472717285156,-759.5588989257812
-136.0612030029297,-759.8731079101562
-134.4156494140625,-760.1773681640625
-132.7683868408203,-760.4718627929688
-131.1198272705078,-760.758056640625
-129.47012329101562,-761.036376953125
-127.81930541992188,-761.3073120117188
-126.16690826416016,-761.5698852539062
-124.51331329345703,-761.823486328125
-122.85834503173828,-762.067626953125
-121.20231628417969,-762.30078125
-119.54485321044922,-762.523193359375
-117.88583374023438,-762.7338256835938
-116.22583770751953,-762.93359375
-114.56498718261719,-763.1240234375
-112.90351104736328,-763.3055419921875
-111.24104309082031,-763.4788208007812
-109.5774917602539,-763.6426391601562
-107.91336059570312,-763.7973022460938
-106.24848175048828,-763.9420776367188
-104.58293151855469,-764.076171875
-102.91661834716797,-764.2000732421875
-101.24959564208984,-764.3131713867188
-99.58213806152344,-764.4172973632812
-97.91404724121094,-764.513427734375
-96.24563598632812,-764.6029663085938
-94.57691192626953,-764.6873168945312
-92.9078140258789,-764.7667236328125
-91.23845672607422,-764.8418579101562
-89.5684585571289,-764.9124145507812
-87.89815521240234,-764.978759765625
-86.22740936279297,-765.0416259765625
-84.55645751953125,-765.1019897460938
-82.88530731201172,-765.1605224609375
-81.21399688720703,-765.218017578125
-79.54265594482422,-765.274658203125
-77.87083435058594,-765.3306884765625
-76.19874572753906,-765.3858642578125
-74.52629089355469,-765.440673828125
-72.85358428955078,-765.4950561523438
-71.18073272705078,-765.549072265625
-69.50772094726562,-765.60302734375
-67.83467102050781,-765.65673828125
-66.16121673583984,-765.71044921875
-64.48756408691406,-765.76416015625
-62.813663482666016,-765.818115234375
-61.1395149230957,-765.8724365234375
-59.465293884277344,-765.9273071289062
-57.79086685180664,-765.9828491210938
-56.11631393432617,-766.0390625
-54.44155502319336,-766.09619140625
-52.766632080078125,-766.1544799804688
-51.091552734375,-766.214111328125
-49.416343688964844,-766.275146484375
-47.74113845825195,-766.3377075195312
-46.06568908691406,-766.4017944335938
-44.390113830566406,-766.4674072265625
-42.71446990966797,-766.53466796875
-41.038753509521484,-766.6036376953125
-39.36295700073242,-766.6741333007812
-37.687015533447266,-766.7461547851562
-36.0109748840332,-766.8196411132812
-34.33481216430664,-766.8944091796875
-32.65852737426758,-766.9703979492188
-30.982135772705078,-767.0474243164062
-29.305620193481445,-767.125244140625
-27.628978729248047,-767.2036743164062
-25.952184677124023,-767.2825927734375
-24.275218963623047,-767.3617553710938
-22.59807586669922,-767.4411010742188
-20.92076301574707,-767.5203247070312
-19.243282318115234,-767.599365234375
-17.565622329711914,-767.6781005859375
-15.887770652770996,-767.7561645507812
-14.20971965789795,-767.83349609375
-12.53144645690918,-767.90966796875
-10.852947235107422,-767.9842529296875
-9.174208641052246,-768.0569458007812
-7.495231628417969,-768.1272583007812
-5.816008567810059,-768.19482421875
-4.136532306671143,-768.2592163085938
-2.4567997455596924,-768.3202514648438
-0.7768228650093079,-768.3775634765625
0.9033890962600708,-768.430908203125
2.5838334560394287,-768.4804077148438
4.264504432678223,-768.526123046875
5.945397853851318,-768.5679931640625
7.626500129699707,-768.6061401367188
9.307802200317383,-768.6407470703125
10.989300727844238,-768.6720581054688
12.670989036560059,-768.7001342773438
14.352867126464844,-768.7254028320312
16.034929275512695,-768.7479248046875
17.71715545654297,-768.7678833007812
19.39954948425293,-768.7855224609375
21.082111358642578,-768.8010864257812
22.764846801757812,-768.8146362304688
24.447750091552734,-768.8263549804688
26.130817413330078,-768.8363647460938
27.814035415649414,-768.8446044921875
29.497411727905273,-768.8512573242188
31.180936813354492,-768.8561401367188
32.86460876464844,-768.8593139648438
34.548439025878906,-768.86083984375
36.232391357421875,-768.8605346679688
37.9164924621582,-768.858642578125
39.60067367553711,-768.85498046875
41.28498458862305,-768.849609375
42.96944046020508,-768.8424072265625
44.65394592285156,-768.8331909179688
46.33856964111328,-768.822021484375
48.023284912109375,-768.8088989257812
49.70804214477539,-768.7937622070312
51.39287185668945,-768.7766723632812
53.077796936035156,-768.7574462890625
54.7628059387207,-768.7362060546875
56.44790267944336,-768.7128295898438
58.133018493652344,-768.6873779296875
59.818206787109375,-768.6599731445312
61.50341033935547,-768.6303100585938
63.18870162963867,-768.5986328125
64.87407684326172,-768.564208984375
66.55943298339844,-768.52734375
68.24491119384766,-768.4880981445312
69.93034362792969,-768.4462890625
71.6158218383789,-768.4025268554688
73.30130004882812,-768.3562622070312
74.98673248291016,-768.3077392578125
76.6723403930664,-768.25634765625
78.35784912109375,-768.2014770507812
80.04339599609375,-768.14306640625
81.72879028320312,-768.0802001953125
83.41419982910156,-768.013427734375
85.09947204589844,-767.942626953125
86.78436279296875,-767.8680419921875
88.4692153930664,-767.7896118164062
90.15388488769531,-767.7063598632812
91.8385238647461,-767.6177978515625
93.5228042602539,-767.5225219726562
95.20675659179688,-767.4210815429688
96.89041900634766,-767.3136596679688
98.57322692871094,-767.2005004882812
100.25568389892578,-767.0819091796875
101.9378433227539,-766.9568481445312
103.61951446533203,-766.8245239257812
105.30052947998047,-766.6838989257812
106.9805679321289,-766.5347290039062
108.65984344482422,-766.377197265625
110.33816528320312,-766.2115478515625
112.01557922363281,-766.0382080078125
113.69225311279297,-765.85693359375
115.36785888671875,-765.6676025390625
117.04235076904297,-765.4697875976562
118.71572875976562,-765.2628784179688
120.3878173828125,-765.0466918945312
122.05850219726562,-764.8211059570312
123.72784423828125,-764.5863647460938
125.39574432373047,-764.342529296875
127.06217193603516,-764.089599609375
128.72718811035156,-763.827880859375
130.39056396484375,-763.556884765625
132.05227661132812,-763.2769165039062
133.71221923828125,-762.9873046875
135.37005615234375,-762.6875
137.0258331298828,-762.3770751953125
138.67926025390625,-762.0555419921875
140.33010864257812,-761.722900390625
141.97848510742188,-761.3790283203125
143.62417602539062,-761.0237426757812
145.2670440673828,-760.656982421875
146.90708923339844,-760.2788696289062
148.54429626464844,-759.8897705078125
150.1786346435547,-759.489990234375
151.80995178222656,-759.0794677734375
153.4381103515625,-758.6576538085938
155.06289672851562,-758.2238159179688
156.6837615966797,-757.7772216796875
158.30055236816406,-757.3176879882812
159.91331481933594,-756.8453369140625
161.52198791503906,-756.3605346679688
163.12673950195312,-755.8638305664062
164.72772216796875,-755.3560180664062
166.32504272460938,-754.8375854492188
167.91871643066406,-754.30908203125
169.50868225097656,-753.7703247070312
171.09474182128906,-753.2207641601562
172.6763153076172,-752.6592407226562
174.25314331054688,-752.0857543945312
175.82533264160156,-751.4998779296875
177.3928985595703,-750.9026489257812
178.95626831054688,-750.2949829101562
180.51565551757812,-749.6775512695312
182.07125854492188,-749.0509643554688
183.6232147216797,-748.4149780273438
185.17111206054688,-747.76953125
186.7152557373047,-747.1151733398438
188.2555389404297,-746.4515991210938
189.79173278808594,-745.779052734375
191.323974609375,-745.0974731445312
192.8522186279297,-744.4066772460938
194.3769073486328,-743.7078247070312
195.89849853515625,-743.0018310546875
197.41737365722656,-742.2901000976562
198.93406677246094,-741.5731201171875
200.44850158691406,-740.8510131835938
201.96080017089844,-740.1240234375
203.47071838378906,-739.3917236328125
204.97817993164062,-738.654052734375
206.48309326171875,-737.9109497070312
207.9854278564453,-737.1625366210938
209.48492431640625,-736.4081420898438
210.98178100585938,-735.6480712890625
212.4762420654297,-734.8834228515625
213.96826171875,-734.1141357421875
215.4578094482422,-733.3396606445312
216.94512939453125,-732.560546875
218.43014526367188,-731.776611328125
219.91212463378906,-730.9866943359375
221.38995361328125,-730.1892700195312
222.8640594482422,-729.38671875
224.3352813720703,-728.5797729492188
225.80465698242188,-727.7667236328125
227.27073669433594,-726.9474487304688
228.73219299316406,-726.1215209960938
230.18910217285156,-725.287841796875
231.6425323486328,-724.4467163085938
233.09315490722656,-723.6007080078125
234.54098510742188,-722.751953125
235.9858856201172,-721.9013671875
237.428466796875,-721.0466918945312
238.86973571777344,-720.184814453125
240.30813598632812,-719.313232421875
241.74000549316406,-718.4338989257812
243.16732788085938,-717.5489501953125
244.5909881591797,-716.6578369140625
246.01107788085938,-715.7609252929688
247.42803955078125,-714.8585815429688
248.84194946289062,-713.950927734375
250.2523651123047,-713.0376586914062
251.65863037109375,-712.1181640625
253.06105041503906,-711.1928100585938
254.45916748046875,-710.2611694335938
255.85240173339844,-709.3226318359375
257.2405090332031,-708.37646484375
258.62274169921875,-707.4219970703125
259.9990539550781,-706.4594116210938
261.369140625,-705.4884033203125
262.7322692871094,-704.5086059570312
264.0879821777344,-703.51904296875
265.4351501464844,-702.518310546875
266.77301025390625,-701.5062255859375
268.1011657714844,-700.4824829101562
269.4194030761719,-699.447021484375
270.72784423828125,-698.3997802734375
272.02642822265625,-697.3409423828125
273.31585693359375,-696.27197265625
274.5965576171875,-695.1932373046875
275.868408203125,-694.1048583984375
277.1312561035156,-693.0065307617188
278.3839416503906,-691.8975219726562
279.6263427734375,-690.77783203125
280.8580322265625,-689.647216796875
282.0794677734375,-688.5062255859375
283.2911376953125,-687.3555297851562
284.4930725097656,-686.1953735351562
285.68572998046875,-685.0260009765625
286.8677978515625,-683.8463134765625
288.0391845703125,-682.6566772460938
289.2003479003906,-681.4571533203125
290.3519592285156,-680.2488403320312
291.4958190917969,-679.0332641601562
292.6329650878906,-677.8113403320312
293.7642822265625,-676.5838623046875
294.8902587890625,-675.3514404296875
296.010986328125,-674.1142578125
297.1263122558594,-672.8720703125
298.23504638671875,-671.6242065429688
299.3363952636719,-670.3698120117188
300.4297180175781,-669.1083984375
301.5149230957031,-667.8400268554688
302.5927429199219,-666.5654907226562
303.6635437011719,-665.28515625
304.7275390625,-663.9993286132812
305.7839660644531,-662.707275390625
306.8312072753906,-661.4081420898438
307.8686218261719,-660.1014404296875
308.8948974609375,-658.786376953125
309.90972900390625,-657.4631958007812
310.9131164550781,-656.1317749023438
311.904296875,-654.7919921875
312.8834228515625,-653.4439697265625
313.84954833984375,-652.0870971679688
314.802978515625,-650.7220458984375
315.7441101074219,-649.3492431640625
316.6729431152344,-647.9688110351562
317.58984375,-646.5811157226562
318.4942932128906,-645.1856689453125
319.3865661621094,-643.7832641601562
320.2662658691406,-642.3734130859375
321.1331787109375,-640.9564819335938
321.98779296875,-639.532470703125
322.830078125,-638.1012573242188
323.6612854003906,-636.6641235351562
324.4822082519531,-635.2213745117188
325.29339599609375,-633.7733764648438
326.0946350097656,-632.31982421875
326.8851623535156,-630.8604736328125
327.6652526855469,-629.3956298828125
328.435791015625,-627.9255981445312
329.1985778808594,-626.4515380859375
329.9548645019531,-624.9742431640625
330.7050476074219,-623.4940795898438
331.4489440917969,-622.0101928710938
332.1848449707031,-620.5220947265625
332.912109375,-619.02978515625
333.6298828125,-617.5328979492188
334.338134765625,-616.0315551757812
335.037109375,-614.5258178710938
335.72637939453125,-613.015625
336.4062194824219,-611.5010375976562
337.07586669921875,-609.9818725585938
337.7362365722656,-608.458740234375
338.38800048828125,-606.9318237304688
339.0312194824219,-605.4013061523438
339.66619873046875,-603.8672485351562
340.29229736328125,-602.3295288085938
340.90972900390625,-600.7882690429688
341.517822265625,-599.243408203125
342.11614990234375,-597.6947631835938
342.7049255371094,-596.1422729492188
343.28363037109375,-594.5860595703125
343.8533020019531,-593.0264892578125
344.413818359375,-591.4635009765625
344.96563720703125,-589.8975219726562
345.50921630859375,-588.3285522460938
346.04443359375,-586.7566528320312
346.57177734375,-585.1819458007812
347.0910339355469,-583.6045532226562
347.60260009765625,-582.0245361328125
348.1062927246094,-580.44189453125
348.6019287109375,-578.856689453125
349.0898132324219,-577.2689819335938
349.56927490234375,-575.6785888671875
350.0406188964844,-574.0857543945312
350.5038757324219,-572.4902954101562
350.9592590332031,-570.8925170898438
351.40777587890625,-569.2926635742188
351.849609375,-567.6908569335938
352.2853698730469,-566.0872802734375
352.714599609375,-564.4817504882812
353.1370849609375,-562.8743896484375
353.5527038574219,-561.2650756835938
353.9606018066406,-559.65380859375
354.36083984375,-558.0405883789062
354.7527770996094,-556.42529296875
355.13568115234375,-554.8079833984375
355.50897216796875,-553.1884155273438
355.8714294433594,-551.5665283203125
356.22332763671875,-549.9424438476562
356.5644226074219,-548.316162109375
356.89508056640625,-546.6880493164062
357.2156982421875,-545.0579223632812
357.5250244140625,-543.4258422851562
357.82366943359375,-541.7920532226562
358.1104431152344,-540.156005859375
358.38531494140625,-538.5183715820312
358.6492614746094,-536.8787231445312
358.9022521972656,-535.2376098632812
359.1468811035156,-533.5951538085938
359.38409423828125,-531.951416015625
359.6152038574219,-530.306884765625
359.84136962890625,-528.6614990234375
360.0616455078125,-527.015380859375
360.27642822265625,-525.3683471679688
360.4843444824219,-523.719970703125
360.685302734375,-522.0707397460938
360.8793640136719,-520.4204711914062
361.0663757324219,-518.7694091796875
361.24755859375,-517.11767578125
361.4228515625,-515.4652099609375
361.5924072265625,-513.8125
361.7557678222656,-512.1587524414062
361.91162109375,-510.5041809082031
362.059326171875,-508.8489685058594
362.1977233886719,-507.1927795410156
362.3258972167969,-505.53631591796875
362.4441223144531,-503.8789367675781
362.5517272949219,-502.220947265625
362.6502685546875,-500.56268310546875
362.7402648925781,-498.90380859375
362.8221435546875,-497.24481201171875
362.8963928222656,-495.5851135253906
362.9624328613281,-493.92498779296875
363.02093505859375,-492.2644958496094
363.0722351074219,-490.603515625
363.11676025390625,-488.9423828125
363.15606689453125,-487.28076171875
363.1903381347656,-485.6188049316406
363.2209777832031,-483.9566345214844
363.2487487792969,-482.29400634765625
363.2740173339844,-480.63128662109375
363.297607421875,-478.9681091308594
363.31964111328125,-477.3045349121094
363.3408508300781,-475.6407775878906
363.3614501953125,-473.976806640625
363.38165283203125,-472.31268310546875
363.4017639160156,-470.64813232421875
363.4217529296875,-468.9833068847656
363.44189453125,-467.3182067871094
363.4617919921875,-465.6529235839844
363.48150634765625,-463.9874572753906
363.5008544921875,-462.321533203125
363.5195617675781,-460.6554260253906
363.537353515625,-458.98907470703125
363.5535888671875,-457.3225402832031
363.56787109375,-455.65570068359375
363.5794677734375,-453.9886169433594
363.587890625,-452.32135009765625
363.5925598144531,-450.6538391113281
363.5930480957031,-448.9862060546875
363.5893249511719,-447.318359375
363.5813903808594,-445.650390625
363.5694274902344,-443.98223876953125
363.5536193847656,-442.31396484375
363.53436279296875,-440.6455383300781
363.51190185546875,-438.9769592285156
363.4864807128906,-437.3081970214844
363.45843505859375,-435.6392517089844
363.4280700683594,-433.9701232910156
363.3957214355469,-432.30084228515625
363.3617858886719,-430.6313781738281
363.3267517089844,-428.96173095703125
363.29095458984375,-427.2918701171875
363.2547302246094,-425.621826171875
363.2184143066406,-423.9515380859375
363.1822814941406,-422.2810363769531
363.1466064453125,-420.61029052734375
363.11151123046875,-418.9393615722656
363.0772705078125,-417.2681579589844
363.04412841796875,-415.5967712402344
363.01226806640625,-413.92510986328125
362.98193359375,-412.2532653808594
362.953369140625,-410.5811767578125
362.9268798828125,-408.90887451171875
362.9027099609375,-407.2363586425781
362.8810729980469,-405.5636291503906
362.86224365234375,-403.89068603515625
362.8462829589844,-402.217529296875
362.8331298828125,-400.544189453125
362.8227233886719,-398.8706359863281
362.81494140625,-397.1968688964844
362.80963134765625,-395.5229187011719
362.8066101074219,-393.8487854003906
362.8055725097656,-392.1744689941406
362.80633544921875,-390.49993896484375
362.8085632324219,-388.8252258300781
362.81201171875,-387.15032958984375
362.81640625,-385.4752197265625
362.821533203125,-383.7999267578125
362.8272399902344,-382.12445068359375
362.8333740234375,-380.4487609863281
362.8399353027344,-378.77288818359375
362.8468322753906,-377.0968017578125
362.8540344238281,-375.4205322265625
362.86163330078125,-373.74407958984375
362.8695983886719,-372.0674133300781
362.8779602050781,-370.39056396484375
362.88671875,-368.71356201171875
362.8959655761719,-367.036376953125
362.90570068359375,-365.3590087890625
362.916015625,-363.6814270019531
362.9269714355469,-362.003662109375
362.9385681152344,-360.32574462890625
362.9507751464844,-358.64764404296875
362.96368408203125,-356.9693603515625
362.97723388671875,-355.2908935546875
362.991455078125,-353.61224365234375
363.00640869140625,-351.9334411621094
363.02203369140625,-350.25445556640625
363.0383605957031,-348.5752868652344
363.0554504394531,-346.8959655761719
363.07330322265625,-345.21649169921875
363.0919189453125,-343.5368347167969
363.11126708984375,-341.85699462890625
363.13128662109375,-340.177001953125
363.15203857421875,-338.496826171875
363.1735534667969,-336.8164978027344
363.19580078125,-335.135986328125
363.2187194824219,-333.455322265625
363.2424011230469,-331.7745056152344
363.2668151855469,-330.0935363769531
363.2919921875,-328.4123840332031
363.31793212890625,-326.7310791015625
363.3446044921875,-325.04962158203125
363.3719482421875,-323.3680114746094
363.4000244140625,-321.6862487792969
363.42877197265625,-320.00433349609375
363.4582214355469,-318.322265625
363.4883117675781,-316.6400451660156
363.51904296875,-314.9576416015625
363.5503234863281,-313.27508544921875
363.58209228515625,-311.5923767089844
363.6142578125,-309.9095153808594
363.64678955078125,-308.22650146484375
363.6795654296875,-306.5433349609375
363.71240234375,-304.8600158691406
363.7450256347656,-303.176513671875
363.7771301269531,-301.4928283691406
363.8085021972656,-299.8089904785156
363.83880615234375,-298.1249694824219
363.8678283691406,-296.4407653808594
363.89532470703125,-294.75640869140625
363.92120361328125,-293.0718688964844
363.9451904296875,-291.38714599609375
363.9671630859375,-289.7022399902344
363.987060546875,-288.01715087890625
364.0048522949219,-286.3319091796875
364.0206298828125,-284.6465148925781
364.0345764160156,-282.9609375
364.0467834472656,-281.27520751953125
364.0574645996094,-279.5893249511719
364.0666809082031,-277.90325927734375
364.0747375488281,-276.217041015625
364.0818176269531,-274.5306701660156
364.0881652832031,-272.8441467285156
364.0939025878906,-271.157470703125
364.0992431640625,-269.47064208984375
364.1043395996094,-267.7836608886719
364.109375,-266.0965270996094
364.1144104003906,-264.40924072265625
364.11962890625,-262.7218017578125
364.12506103515625,-261.03424072265625
364.1308288574219,-259.3465270996094
364.13714599609375,-257.6586608886719
364.1440734863281,-255.97067260742188
364.1518249511719,-254.2825469970703
364.16046142578125,-252.59426879882812
364.1701354980469,-250.90585327148438
364.180908203125,-249.21731567382812
364.1927795410156,-247.52865600585938
364.20574951171875,-245.83985900878906
364.2198181152344,-244.15093994140625
364.23504638671875,-242.46189880371094
364.2513427734375,-240.77272033691406
364.2685852050781,-239.0834197998047
364.2865905761719,-237.3939971923828
364.3052978515625,-235.7044219970703
364.3245544433594,-234.0147247314453
364.34417724609375,-232.32489013671875
364.36407470703125,-230.6349334716797
364.3840637207031,-228.94482421875
364.404052734375,-227.25457763671875
364.4239196777344,-225.564208984375
364.443603515625,-223.87368774414062
364.4630126953125,-222.18304443359375
364.48211669921875,-220.4922637939453
364.50079345703125,-218.80133056640625
364.51898193359375,-217.11026000976562
364.53656005859375,-215.41905212402344
364.5534973144531,-213.72772216796875
364.5697326660156,-212.03623962402344
364.5851745605469,-210.34461975097656
364.5997619628906,-208.65286254882812
364.6134033203125,-206.96096801757812
364.6260986328125,-205.26895141601562
364.6378173828125,-203.57679748535156
364.6486511230469,-201.88450622558594
364.65869140625,-200.19207763671875
364.6679992675781,-198.49952697753906
364.6766052246094,-196.8068389892578
364.6846618652344,-195.11402893066406
364.69232177734375,-193.4210968017578
364.6996765136719,-191.72802734375
364.7068176269531,-190.0348358154297
364.7138366699219,-188.34152221679688
364.72076416015625,-186.6480712890625
364.7276306152344,-184.9545135498047
364.7344970703125,-183.26083374023438
364.7412414550781,-181.5670166015625
364.7479553222656,-179.8730926513672
364.7545471191406,-178.1790313720703
364.7610168457031,-176.48484802246094
364.76727294921875,-174.79054260253906
364.77325439453125,-173.09613037109375
364.77886962890625,-171.40159606933594
364.7840881347656,-169.70692443847656
364.78887939453125,-168.01214599609375
364.7931823730469,-166.31724548339844
364.79693603515625,-164.62222290039062
364.8002014160156,-162.9270782470703
364.8029479980469,-161.23182678222656
364.80517578125,-159.5364532470703
364.8069763183594,-157.84097290039062
364.8083190917969,-156.14537048339844
364.80926513671875,-154.4496612548828
364.80987548828125,-152.7538299560547
364.8102111816406,-151.05787658691406
364.81036376953125,-149.36181640625
364.8103942871094,-147.66563415527344
364.810302734375,-145.96934509277344
364.8101501464844,-144.27294921875
364.8099060058594,-142.57643127441406
364.8095397949219,-140.8798065185547
364.8090515136719,-139.1830596923828
364.80841064453125,-137.48622131347656
364.8075866699219,-135.7892608642578
364.80657958984375,-134.0922088623047
364.8052978515625,-132.39501953125
364.8037414550781,-130.69773864746094
364.8017883300781,-129.00035095214844
364.7993469238281,-127.3028564453125
364.7962951660156,-125.60525512695312
364.79248046875,-123.90754699707031
364.7878723144531,-122.20973205566406
364.7823181152344,-120.5118179321289
364.7757568359375,-118.81381225585938
364.7680969238281,-117.11570739746094
364.75921630859375,-115.4175033569336
364.7490539550781,-113.71920776367188
364.7375183105469,-112.02082061767578
364.7246398925781,-110.32233428955078
364.7104797363281,-108.6237564086914
364.6950988769531,-106.92510223388672
364.6786193847656,-105.22634887695312
364.6611022949219,-103.52751159667969
364.6426696777344,-101.82858276367188
364.62353515625,-100.12956237792969
364.6038513183594,-98.43045043945312
364.5837707519531,-96.73123931884766
364.5634765625,-95.03193664550781
364.54315185546875,-93.33251953125
364.52301025390625,-91.63300323486328
364.5032653808594,-89.93339538574219
364.48406982421875,-88.23368072509766
364.4656982421875,-86.53385925292969
364.4482421875,-84.83394622802734
364.431884765625,-83.13392639160156
364.4167785644531,-81.43379974365234
364.4029846191406,-79.73358154296875
364.3905944824219,-78.03324890136719
364.3796081542969,-76.33283996582031
364.3701477050781,-74.63231658935547
364.36236572265625,-72.93171691894531
364.3561096191406,-71.23101806640625
364.35137939453125,-69.53022766113281
364.34808349609375,-67.82935333251953
364.34625244140625,-66.12838745117188
364.3457336425781,-64.42733001708984
364.3464660644531,-62.72618103027344
364.34832763671875,-61.02494430541992
364.3511657714844,-59.32362747192383
364.35498046875,-57.622215270996094
364.359619140625,-55.920719146728516
364.3649597167969,-54.219139099121094
364.3709411621094,-52.51747512817383
364.3774719238281,-50.81571960449219
364.3844909667969,-49.11387252807617
364.3919982910156,-47.41194534301758
364.39990234375,-45.709930419921875
364.4081726074219,-44.00783157348633
364.4167175292969,-42.305641174316406
364.4255065917969,-40.603370666503906
364.43450927734375,-38.901004791259766
364.443603515625,-37.19855880737305
364.4527587890625,-35.49602508544922
364.4618835449219,-33.79340744018555
364.4709167480469,-32.0906982421875
364.4798278808594,-30.38790512084961
364.488525390625,-28.68502426147461
364.4969482421875,-26.9820556640625
364.5049743652344,-25.279001235961914
364.5125427246094,-23.57586097717285
364.51959228515625,-21.872634887695312
364.526123046875,-20.16932487487793
364.5320739746094,-18.46592903137207
364.5373840332031,-16.762451171875
364.54205322265625,-15.058887481689453
364.5461120605469,-13.355240821838379
364.549560546875,-11.65151309967041
364.55242919921875,-9.947702407836914
364.5547790527344,-8.243812561035156
364.55670166015625,-6.539837837219238
364.5583190917969,-4.835783004760742
364.5596923828125,-3.1316494941711426
364.5609436035156,-1.4274358749389648
364.5621643066406,0.2768547236919403
364.56353759765625,1.9812266826629639
364.56500244140625,3.6856775283813477
364.56671142578125,5.390203475952148
364.5687255859375,7.094807147979736
364.5710754394531,8.799487113952637
364.5738525390625,10.504241943359375
364.5771179199219,12.209074020385742
364.58087158203125,13.913981437683105
364.5851745605469,15.618961334228516
364.59002685546875,17.324012756347656
364.595458984375,19.029136657714844
364.6014709472656,20.73433494567871
364.6080017089844,22.43960189819336
364.614990234375,24.14494514465332
364.6223449707031,25.850364685058594
364.62994384765625,27.555850982666016
364.6377258300781,29.26141357421875
364.6455078125,30.967050552368164
364.6532287597656,32.67276382446289
364.6607360839844,34.378543853759766
364.6678466796875,36.08440399169922
364.67437744140625,37.79034423828125
364.6800537109375,39.49635314941406
364.6847229003906,41.20243453979492
364.6882019042969,42.90858459472656
364.6903381347656,44.614803314208984
364.6910095214844,46.32109069824219
364.69024658203125,48.027442932128906
364.6879577636719,49.73386001586914
364.68426513671875,51.44034194946289
364.67919921875,53.14688491821289
364.6728515625,54.85348892211914
364.66534423828125,56.560157775878906
364.65673828125,58.266883850097656
364.64727783203125,59.97367858886719
364.6370544433594,61.680538177490234
364.6261901855469,63.38745880126953
364.6148376464844,65.09444427490234
364.6031494140625,66.80149841308594
364.5912170410156,68.50862121582031
364.57916259765625,70.21581268310547
364.5672302246094,71.92306518554688
364.5555419921875,73.63038635253906
364.5442810058594,75.33778381347656
364.5335998535156,77.04524230957031
364.523681640625,78.75276947021484
364.51470947265625,80.46035766601562
364.50677490234375,82.16802215576172
364.49993896484375,83.87574005126953
364.4942626953125,85.58352661132812
364.4897155761719,87.29137420654297
364.48626708984375,88.99928283691406
364.48382568359375,90.70726013183594
364.48223876953125,92.41529846191406
364.4813537597656,94.12340545654297
364.48101806640625,95.8315658569336
364.4810791015625,97.53980255126953
364.4813232421875,99.24810028076172
364.48162841796875,100.95645141601562
364.4818420410156,102.66487884521484
364.48193359375,104.37336730957031
364.48175048828125,106.08191680908203
364.4813232421875,107.79052734375
364.4806213378906,109.49919128417969
364.4796447753906,111.20792388916016
364.4783630371094,112.91670989990234
364.47686767578125,114.62556457519531
364.4752502441406,116.33448791503906
364.47357177734375,118.04345703125
364.4718933105469,119.75249481201172
364.4702453613281,121.46158599853516
364.46875,123.17073822021484
364.46746826171875,124.87995147705078
364.46649169921875,126.58921813964844
364.4658508300781,128.2985382080078
364.4656677246094,130.00791931152344
364.4659423828125,131.7173614501953
364.4666442871094,133.42686462402344
364.46783447265625,135.1364288330078
364.4695129394531,136.84603881835938
364.47174072265625,138.5557098388672
364.4744873046875,140.2654266357422
364.4776611328125,141.97520446777344
364.481201171875,143.68502807617188
364.4850158691406,145.39492797851562
364.4889831542969,147.10487365722656
364.49310302734375,148.81488037109375
364.4971923828125,150.52493286132812
364.5011901855469,152.23504638671875
364.5049743652344,153.94522094726562
364.50848388671875,155.6554412841797
364.51165771484375,157.36572265625
364.5143737792969,159.02999877929688
364.5154113769531,160.68045043945312
364.51708984375,162.32627868652344
364.51837158203125,163.97032165527344
364.51812744140625,165.61317443847656
364.51873779296875,167.25633239746094
364.5190124511719,168.89944458007812
364.51898193359375,170.54258728027344
364.51873779296875,172.1857452392578
364.51727294921875,173.82843017578125
364.51654052734375,175.4715118408203
364.5156555175781,177.11453247070312
364.5134582519531,178.75685119628906
364.51226806640625,180.39971923828125
364.51055908203125,182.04283142089844
364.5070495605469,183.68666076660156
364.5026550292969,185.33372497558594
364.4980773925781,186.98809814453125
364.4919738769531,188.654052734375
364.48291015625,190.33676147460938
364.47186279296875,192.04205322265625
364.4600524902344,193.7736358642578
364.4466247558594,195.53028869628906
364.4309387207031,197.3060760498047
